,name,start_site,rev,geneseq,ssdiff,offset
0,fdoH,4085867,rev,CATTATGGTATTCTGTTACAAACCCTTCCTGGATGGAGGGAAATTGAGCCAATTCTGGACCTTTGCGGCCCCTTCCGCAAAGAAAAATAACTCCCACTCCCTGCACACGCAGCAAGCGAATGTAAATGGGACGTGACAATGTCGAAACAAGGAGCAATCC,0.0,0.0
3,sdaB,2928035,fwd,TACATATATTGCGCGCCCCGGAAGAAGTCAGATGTCGTTTAATGGGCAAATATTGCCCTTAAATTCTCTTTTACTTTTGATTTACAGAGTAAAGCGTTGGGATAATCTATCTTCCAAGTAGATTATTGTATTTGAGATCAAGATCACTGATAGATACATA,0.0,0.0
6,thiM,2185451,rev,TCTGGATGTCGTTCTGAAGGTGCTGGATTCATATATCAAATAATTTATTAACGCGATTGTAAAACTGCCGTTTTTCCTCGTTTACAACGCGTGCGCTGGACATTACCATCCTCCTCTGCGATTTATCATCGCAACCAAACGACTCGGGGTGCCCTTCTGC,0.0,0.0
7,yedJ,2033449,rev,TTTTTCCTGTATTCACTGCCGTTGCGCAAAATTTATCTATTTGTTCAAAAAATGATTGAGTCTTGACTGGCTCATCCAATGTGGAAAAATGTGACTTTTATCACATAATAGTACTAAGTCTGAATTTTCCGGGTTATCTCAAAATGGAATACGGTTCGAC,0.0,0.0
9,ykgE,321511,fwd,TCGATTTCCCCATAAAATGTGAGCGATGCCGAAAGAAATAAAATTAGTTATTGCATTTGACGTTTGGATGAAAGATTATCATTTGTCATACAAATGAGGGGTGGTATGTTGCTAGCCAATTAAAAAAGAACGCCATATTTATTGATGATTGATCCCCCGG,0.0,0.0
11,sdiA,1996867,rev,GCATAACTCATTAATAACATAAGAGAATGCGATGGCTTGCAAAAGTAATTCATTGCCTGAATAATATAAATTATATATAAATCTTATTTATGTGATAGTTTGAATTATCATTATAAATGATACTCACTCTCAGGGGCGTTGCGGTTTACTATGCAGGATA,10.0,-10.0
12,yqhC,3155262,rev,GTGTGCAGATTAAAGTTGTTCATTACTTGCTCCCTTTGCTGGGCCAATATGAGGGCAGAGAACGATCTGCCTGATGTTTTTCATTGTGATCGCCAGCGCCCTGGCTCTCAATGCTCATTTCTGCCAATGTCTTGCCTATTTCTCCAGAGTGCTGGAGAAA,-1.0,1.0
15,yicI,3836664,rev,CCGAATTTATATATTAATTATAGTAAGGCAATGAGCTATTTTTGATAGTAAAAATAAAACAAGTTGATTTGATATATTAAATGAACAAATTAATCTTGATGGCAGTCTGATTATTGGTGAAGTTTATAGTCAGTTTTTTTCGCCAGCGGTTAAAGAAATA,0.0,0.0
17,ybjT,909320,rev,AAACTCGAACAGGCCAAAGGTTTCAGCCTGTATATGCTGCGCGCAATCATCAGCGGACGCGGTGATGAAGTGATCGAACTGGCGAAAACAAACTGGCTAAGGTAAAAAGGGTGGCATTTCCCGTCATAATAAGGACATGCCATGATTGATTTACGCAGTG,0.0,0.0
19,mtgA,3350504,rev,TATGATGAGTTACAAGGGCACAGCACTGTTTTTCAGGCCGCACGCAGTTAAGATAGCAAAACTTAAATGATTTGTTACATGAATCAGTTAAATGTGTGATGCGTACCATTTTTATTAAAAAAATTAATGTGTTTCAGTCAATTGCGAAAGGATGATCACA,7.0,-7.0
20,aphA,4269355,fwd,ATACAAAAAAAGACAGGAACGTATTTACTGGGTTAAATATAATCATCCTGCTTTTCATCACAAAAACCGCAGATAATCCTTCCTTTCCCCGGCAGCTGGCGTTATGGTCAGATGGTTTTTGCAACAAATCTCACAATAAAAAGTTTCAACATACTGACTA,0.0,0.0
23,bdcR,4474096,fwd,ACGTACGATAGCGGCACCGATACCACGACTGCCACCGAGGATGAGAACTGTCTTACCTGTAAAAGCGCCCATAAGGACTCCTTGATTTATTATGTAACATGCATTACAAAACTGTTTTAACTTTCTGTCAACAGGTTTTGTAATGGTCACTAAAAAACAA,0.0,0.0
24,yncD,1523276,rev,GCGTACTGAATGATGAAACAACAAGCAATGAACCTAACAGTAATGAACCACGCAGGCGCGATGAAAACAGATGACGTAAATGCATGACGACTCCCTTTGATGAACCGATATTTTTGCTGCTTCACAATGCTTCGCTAAGCGTAATCATCGTTACGCTCTT,0.0,0.0
25,rumB,897947,fwd,CGGCGCGGTCGGAATTGTCGGATTTATCGCCTGGTATCTGATGGCTCGCGCAGAAAAACAGCGGATACGCGACATCCAGCGTGCAAGACGTGGCTGAAGACACTAAAATTTGCCAACCTGGCTACATAATGCCGCGCATGTCGCGGCATTGTTTTCATGG,0.0,0.0
26,yagH,285350,fwd,TTAATTTAAACAATTAGTTGAGATATATCGTTGGCGTCACAAAAGCAAAATAACGTAATTCGGAAATAAGATATGACCATTGCTGGTTAATTGAATAGCTCATTACACTCCATTAACACGATGTTGTAATTCGGCACACTACATAAGGGTGTAATTCTGA,0.0,0.0
27,eco,2303797,fwd,TCACATTTCAAATGGTTATAAATATATTTATATAGCGATTGATTCACCAGAGATATTTCTGCTGGTTTGCTCTCTCATTAGAATTTAACACTAAAAGAGCAGGTAAAATTGTCTGAATGTTCTTTAAGTTATTCATAAAGCAAATTAATAAATCTGATGA,0.0,0.0
28,yfhG,2690181,rev,TGCGCGAGGGCACTGAATTACTGGCTGACCAGGTTGTCGGGCCGCTTACGCCAGAGCAAAAAGAGGTGGTGAGCATTCTTGATAGCAGCAGCCGCAATTTGCAAAAACTGATCGAACAACTGCTTGATTACAACCGTAAACAGGCGGACAGTGCGGTGGA,0.0,0.0
30,htrB,1116709,rev,GTTGTGTAACACTGGCATGGTGTACGGTTCCTGCGAGATGGGAAAGTAAAAATCCGCGGCATGATATAGCAATTATCGATAATTAACATCCACACATTTTACGCTACATTTGCGCATTAAAAATTATTTGTTATTTACAAGCGCGGCAATTTCGCCCAGT,0.0,0.0
32,iap,2876547,fwd,AACGGAATAACGATTTGGCAAAGCTAATATCAAAAAGTGCTTAAGGCACCGGATTTCGGGCGTTTAGGAAGATTTGAAATTGTTTTAGCGCAGCGGCAGTTTCATACTATGGCGGTAAAAAAATTTGCATGGTATTTAAGGACTCACTATGTTTTCCGCA,3.0,3.0
33,ygjP,3235915,fwd,TAGCGGGTTAACGTCATCCGTCGCCGGAAAACGTTGTAGTGTCAGTGAACGGAAACCGTTGTCTAAGTGGCTCATCGGCCCTCCTGAATGATAAAATTTCGACATTGCCCCTGAAAAGGGTGCGTGAGTATACCCTTTTTCTCTTTTTCGTGGGCGGTTA,0.0,0.0
35,yedK,2009776,fwd,CTGGATATTCAGCAAGACGGGCCGACCATTCGTTATTTAATTCAGAAGTAATCCCTCATTCCCGCTGTGACCCACAGCGGGAACATCGTTACCTTTGTATCACATAGATTTTACCCGCCCCCACTCCTATTCTTTTCAGTATGATCTCAGGAGGTTTCTA,0.0,0.0
36,holC,4484273,rev,ACCTACACAGCACTGAACTCGTAGGCCTGATAAGACACAACAGCGTCGCATCAGGCGCTGCGGTGTATACCTGATGCGTATTTAAATCCACCACAAGAAGCCCCATTTATGAAAAACGCGACGTTCTACCTTCTGGACAATGACACCACCGTCGATGGCT,0.0,0.0
38,aegA,2585570,rev,ACGCAATTTAGTCAGTGATGGGATTATTTGATCTGCCACAGTTTATAGCGAAATAGTTACTTATTCTGGGCACATGAACATTGCCGATTCCCCTGTAAGTCGGGTAATAACAACACTCATATAAAGAATAAGGTTTTTACAACCAAAAAAGAAGGTCGTT,,
40,rapA,63358,rev,GATAATTTTGCTACACTTATGACCGGGCAACTTGGGCTATTTTGAGCAAAAAAAAGAGTTCGCCAGATACCATTTTGATGCGTGACGAATGCTTTGCCATCCAGTACCATAGCGCCCTTTCCATTCCTGGACCTGAATAACACCACTACCTCATAAGCAC,0.0,0.0
41,dusC,2230395,rev,CAGCGAACTCAGGCATACATCAAGCATAGAGAGGGATTGCAGTTTGCAGCAATCCCTCTTTGCAGACCTTTAATCCGCTGACCATAGGCGCTAACATAGCGCCTCATTTTTTTGCGGGTGATGATATGCGTGTGTTACTGGCACCGATGGAGGGAGTGCT,0.0,0.0
43,fdhE,4081359,rev,CGTGATTATCTGGCGTCCTTATTTTGCGCCTGCTTTCTCAATCCCGGTGATCCGATTCGCGTTAATGCTGCATTCATTTGCCGCAGTGGCGTTAATTGTGGTTATCATGGTGCATATCTACGCCGCCCTTTGGGTGAAAGGCACGATTACCGCCATGGTG,-2.0,2.0
44,dnaE_start1,197026,fwd,GGTGTGCCTGGCGTACGTCCGGTGGTTGGCGAAATAGCAGCCAATTCGATAGCTGCGGAAGCACAAATTGCACCAGGTACGGAACTAAAAGCCGTAGATGGTATCGAAACGCCTGATTGGGATGCCGTGCGTTTGCAGTTGGTCGATAAAATTGGCGATG,,
45,dnaE_start2,197821,fwd,GTGAACTTAGGGATAATTAACCTGTTTCCGTTGCCCGTACTTGACGGGGGGCATCTGCTGTTCCTTGCGATCGAAAAGATCAAGGGCGGACCGGTATCCGAGCGGGTTCAAGACTTTTGTTATCGCATTGGCTCGATTCTGCTGGTGCTGTTAATGGGGC,,
47,ycgB,1237285,rev,TATCCAGCATAAAATTCCGTTCAGAAGCGGATTAGTGGCACTCTGATAATAAGAAATCGCAAAGAAAAAAATTCTCCGGCGACGCGGTTTTTAACAGGTGTTCTATGCTTGAAATGAGGTGCTCCACACAGAGAGCGCCGACAACAATGAGGTGCGCGTA,0.0,0.0
48,yehS,2212241,rev,CAGGAGATTCGTCTGGAAGATAACGGCCAGGCCGAGTTGATTTTGCGTAATGGCTTAACCGTGCCGGTCAGCCGCCGTTATCTGAAAAGCTTAAAAGAGGCGATTGGCCTGTAAAAGACTGCTAAAATGGCTTTTTGCCTCATCAACACCTGAAGGCCTC,15.0,-15.0
49,yeiQ,2266214,fwd,TCCTGAACACCTTACGCCCTCAATTTTCACTCGTTGATTGATCGCCCTCACACTTCATCGCATTAACAATCCAGACCAATTTCAATTGCTGTCATATAACTTTACACTGTCGTTGTTAATTAATCGTTACTAAGACGTGACTCCTATGAATACAATCGCC,0.0,0.0
50,ydhO,1734357,fwd,CTCTGATGCCGGCAAACTGGCGTATTTATAACCATTTTTAGCTTTCACTGCTGCATTTTTTTGCGCTCGCCAACGAAACGTATTTTTTAACAATAAAAGCTATTAACTTTCTCTTCTTCTATGCATTAGAATCATCAAGTTTTGTAAATCAGACGCAGGC,0.0,0.0
52,hslU,4122354,rev,GTGAAAGGCAAAGAGAACGCAGACAGCACCCTCAATCGGTTGAAGATGGCGGGTCATACAAACTGCATTCGGCTCGCCGCCGGGGGTTGAAACCCTCAAAATCCCCCCCATCTATAATTGCATTATGCCCCGTACTTTTGTACGGGGTTTGTACTCTGTA,0.0,0.0
53,ymgG,1223097,rev,ATTGCGTTAACAGTCAATGACACTTCTTGAATAAAAATATTGTCAATCAATGAGTTATTCCTCATTTAAGATTATTCTCATTCACGTAAAAAACATAATTCCTATCATCACAGCCACGCTCATTTTGAATTATCTGAATAATAGCGAGCGTTCTTTAGTT,0.0,0.0
54,rlmA,1907086,rev,AATACGCTTCAATCTCGCTATAAAGCCTCGTCGAATGCGAGGCTTTTTACTATGCTTTATCTTCGCTCCTGGCGTTCGGATATTTGCCCGCCGCGTGATTCGCGTTACACTTGCGGCCTTTAGTATCCTGCCGGAGTTGTCATGTCTTTTTCCTGTCCAC,0.0,0.0
56,modE,794644,rev,TATAGTCATGAGACTATTCTAACCGCTAAGCACAGAAAAGCACTCCCCTTTTGTGCGGTCAGCTTTGCGTGGCGTTCGTTTTCCGTCACAATAAGACTTTTGCCAGGACATTGTTATGCAGGCCGAAATCCTTCTCACCCTTAAGCTCCAACAAAAATTA,0.0,0.0
58,ycbZ,1018330,rev,CAGCTTTTTAGGCCAGTGAAGAAAAGAATCTCCATCCTGTGAGCTTTAACGCCCATGCCAGGAGTATTGTCGGTGCTTTCTACGTGTGCTGTAGTGCCGGTTACGGTATAATCGCGGCTTTGACAACAGACTAAAAAACATCAACTTTGACCATTACGAA,1858.0,
59,yajL,443748,rev,AAGGGCATCATACTTCAGCAGAAGATTTGCGTGATTACGTGATGCAGGTGATTGATGCCACAGCGGAAAATATCTCGTCGATGTTGCAGGATATCCGCGCGCTGCGCCACACTGAAATCGACTATATCAATGGTTTTCTCTTACGCCGCGCCCGCGCGCA,0.0,0.0
60,yecE,1950760,fwd,ACCGTAAGAGCCTGGCCCGCGCTGGAACGCCTCGTTACCACTTTATATCGGGCCTGAAATCAGACTCTACGCCAGTTTGCTATAAAGGTGTTGCCCGAACTCATAAAAATTAACAAAATTTGTCGTTCCGCCATCGGCTAATCGCATTAAGGTGTGAGGC,0.0,0.0
62,ybiP,852626,rev,GAACGGCGGCTCGCTCTATCTTCTTGCAGCCCTGCGTATATTGCGGCTCGCGGATGCGGACCCCTTTCCACTCTTCACGCACTCTTGCAGGTATTGACCCTTGACGCCAGGGTAAGCACATGGCGTTTGTTACGATAGTGGCATATGAATTTAACCCTCA,0.0,0.0
63,ybjL,889945,rev,ACACATTTTTCGCCAGTGTGGCGTTCAGTAAGATAAAGCCGCTTCGCATTCCATGCTAATATAGGCCAACGCAATTCATATAGCCGTTGATACCTAATGTGATTACACTAGTAAAATATATTGTTACTTTACTATCGTTTAGGTGCGCTGAATGAATCTG,7.0,-7.0
64,ygdH,2926272,fwd,GATTTTGTCCCATCGACCACAAGACTGGTTCGGCAATAAATTTTTTCTCAATTTTGCGTGCTGGATTCACGCAGAAGGTTGTGAAAGGTCATCAGGCAGGGCTATTGTAATCAAAGGGAATGACGATATTCGTCCCATAAGGAGTTTTTCTTGATTACAC,1247902.0,-158.0
65,pcm,2870686,rev,CGGTAGCAACTTGCAGGGGGCGCAGCGCTGGGCGCAAACCAATACTCCGGTGCGCGATCGCAATAAACGGAGTTTTTGGTTGTCGGCAGCCCGCAGTGCGTTGTTTAATCAGATTGTTGCTGAGCGCCTCAAAAAAGCAGACGTTAATCAAGTTGTTGAC,0.0,0.0
66,rcsF,220022,rev,CGGCGGAGCTGTTAAAGGCTGGTAATTTTTAGGCTGTTTCCACAATTTGTAATATCATTCAGGACGGGCGCTTGCCCGTCTTGTCATTTTTACAAGCTCCTGATTCAATATTGACGTTTTGATCATACATTGAGGAAATACTATGCGTGCTTTACCGATC,0.0,0.0
67,sbcB,2082728,fwd,AAAGTGCAAGAAAATGTGACTACCCTCTCATTTTTATCTGACATGATCTGTTGCCACTCGCTGCCAAATTGTGGCGCTAAAGCTGATTAGCACGGTGATATTTGATACTCTGGCAGACAGCAGAAATAACGGATTTAACCTAATGATGAATGACGGTAAG,0.0,0.0
69,ygeR,2999918,rev,AATATTTTGCTGATGATACTTCCCTTTGCCAAATGAAATTAACCTCTTTCTCTATTACCACGTTTTTCCAGAAGCAAGAGATTGGGTATCAAGAGGCTGGCTGCTATGATAAGGCGTCTTGTTTTTTAAGCGAGGAAAGATTTTGAGTGCGGGACGCCTG,0.0,0.0
70,mscK,486492,fwd,CACGCTTCGTAATCCTGCCACTAACGAATAACCCTGAATCTGACTCCAGGATTTTTCCTGGACATTTTCGTCGTTGCTATTCTGGTTCACTGCGTCGTGATATTCTTGCGGTTTGACTTTTTCAGGTCGTTCTTCAGGTTCAGAAACCTTCATTCATCAT,0.0,0.0
71,mscS,3069871,rev,TGATATCTGTCTGAGCCCCGCTCTGCGGGGATTTTTTCGCCAAAAGCAAGGTGATTCAGATGAGAAATCTGTGATCTATTTGGCAAAATTATGCTTTATTGTTTACCCTTGTCAGACTGCCCGTCATAAGGCGGCGGAGTGTATTTCTCCATTTTGAGTC,0.0,0.0
72,ynaI,1395973,rev,AGATGACAAACATGATCTCATATCAGGGACTTGTTCGCACCTTCCTTAGCTAATGTTGCTACTTCCTTCCCTGACTATTGATGATCTGAATGAATTGTCGCGGTAAAATAGCCCCGCCAGGGGTTTCCGGCATGACGACAATTATCTGGAGGAGCCTGAT,0.0,0.0
73,ybdG,604684,rev,CGCAAAACATCACCTTAACCGAAGTGTAATTCTCTCTTGCCGGGCATCTGCCCGGCTATTTCCTCTCAGATTCTCCTGATTTGCATAACCCTGTTTCAGCCGTCATCATAGGCTGCTGTTGTATAAAGGAGACGTTATGCAGGATTTAATATCCCAGGTT,0.0,0.0
74,hicB,1509221,fwd,GTTTCTTGAGGTTATTATTCAGTTTTGCAAATTAGCGCAAAGAAATTCTGGAATCTTCCTTCCTGATTTTGCATTGCATTCTGCCGTTGCGGCGATTTAGTGCTATTTTCGAGCAAATTACACACGGAGGTAAACACTAATGTTTACTTTGTTGATATAC,0.0,0.0
75,arcB,3353049,rev,AGGGATCGGCGCTGGGACGTCCGTGGCTACCTCCAACGGAGTAGGTCGTTGAGGGGAATTCCGCATTTCTCACACAATTTATAACGTAACTGTCAGAATTGGGTATTATTGGGGCAGGTTGTCGTGAAGGAATTCCCTAATGAAGCAAATTCGTCTGCTG,0.0,0.0
76,minC,1226139,rev,ACAAGGGTATTTTTTAAGCTATGAATCAGCGCCATTTATCACAGAATAGACTTTTACTCTGAATAAATGGGAGGGTGACTTGCCTCAATATAATCCAGACTATAACATGCCTTATAGTCTTCGGAACATCATCGCGCGCTGGCGATGATTAATAGCTAAT,0.0,0.0
77,ybeZ,693469,rev,ATTGCCCGTACCCGCAAAGAAAACGACCTTGGCGTGGGTTATTATCAGCCGTAATTCTCAGGCCTGCCGTTCCGGTGGGCCTTGTTTTTTCTCTCTTTATCCCCATCTTTATTGCAATGCTTGCGCCTTTTTCCTGTGGCGTGAATAATTTCCTTATAGG,0.0,0.0
78,ydjA,1848700,rev,ACACCTGTCACAGGCGCAATAGATGTGGTTATCGTAATGACCCAACCGGTACTTGTCAGCAGGAATTGCGGACTGTGCTGTAACAAAATCCACTCTCGTGTTAATTTTGTGAATAAATATCACGACAGGAGTTAATCAAATGGATGCACTCGAACTATTG,0.0,0.0
79,yggW,3096620,fwd,CCGGTTGACGGCCAGGCCAACAGTCATCTGGTGAAGTTTCTCGGTAAGCAATTCCGGGTTGCCAAAAGCCAGGTGGTGATTGAAAAAGGCGAACTTGGCCGCCACAAACAAATTAAAATCATTAATCCGCAACAAATCCCGCCAGAAATCGCGGCGTTAA,0.0,0.0
80,acuI,3403446,fwd,TCCTTGTGTTAACTCCGATAGTGAGGAAGCGGGCATACTAGCAAATCAGATTTATCTCGCAATTTATTGCGCTTCATCGGCTTTGCTTTTCCATTAGCGAGTATAGTCTTCAGAAATTATTTTCCAATCCATCATGCACATGAGGACCACTTATGCAGGC,0.0,0.0
81,yehU,2214673,rev,GTGCATCTATAGGGTGATTTTATTTTTGCCAGGCGATTTTGAGTGATCGTACTCACGAATTCTCATTTTTCTGCAAGAGTTCAAAGAAAGTTAAACGCAGGCAATGTATGTTACGCGTTTTAAAGGGAAGTGTGGTTTGCGGGTATGTACGATTTTAATC,0.0,0.0
82,yehT,2212969,rev,GGGATGAATCTGGTGGATAAGCGTTTACGTGAACGGTTTGGCGATGACTATGGAATAAGCGTCGCCTGTGAGCCTGATAGTTACACCCGAATAACGTTACGACTACCATGGAGGGACGAGGCATGATTAAAGTCTTAATTGTCGATGATGAACCGTTAGC,0.0,0.0
83,ybiO,845736,rev,CGGCTGATCTTTATCGACAAAGGCCGGATTGCGGAAGATGGCAATCCGCAGGTGTTGATCAAGAACCCGCCGAGCCAGCGCTTGCAGGAATTTTTGCAGCACGTCTCTTAATAAGACACATTGCCTGATGCGCTACGCTTATCAGGCCTACAGGATATCT,0.0,0.0
84,mscL,3438001,fwd,TCTTGTAATTAATAAGGCGTCTAATGACGCCTTATTATTTCCCTTTGATTATCAAGGATTAATTAAATTCATTCCTGGCAGGAAAATGGCTTAACATTTGTTAGACTTATGGTTGTCGGCTTCATAGGGAGAATAACATGAGCATTATTAAAGAATTTCG,0.0,0.0
85,zapB,4118427,fwd,CATTTTCGATTGATGTGGATTATGTCACCAGGAGAAGGATGAAAAGTGTGGCAAACCGTAATCTGCAAGGCGTGCCGCTGGACAGCGATGGCGCGGCTTCATACAATCGGAGCTAACTAAAGTGCGCTCGTATTTATTAAGGCGTCACCGGTAATCGGGA,0.0,0.0
86,WaaA-coaD,3808516,fwd,AAAAATACAAAAAAAATGAAGATGTAGCGGCAGATCAGACCAAACTGAAGCTATTTAAGTCAAAAACGGGAAAAGTAATGGTAAAGCCACAGCTAAATACATAGAATCCCCAGCACATCCATAAGTCAGCTATTTACTATGCTCGAATTGCTTTACACCG,0.0,0.0
87,coaA,4175107,rev,TAAACCATAATTCTTTTTATCAGATGGAATATCTGTCACATTGCTTTTCAACGATAGCTTCCTGGCAGAGATTTTTTCTTATTATTCCTCCCCATCTGGTGTTACCCTCCTGCCCATTAACCCATTCAACAGAACTGTGACGCGCCATGGCAAATATCGC,0.0,0.0
88,yjjJ,4621716,fwd,ATTGTGTTTCGCTGCAAGGCGATTGCCTTGTGAAGCCGGAGCGGGAGACTGCTCCGGCTTTTTAGTATCTATTCATTTTTCTCTCCAGCTTGAATATTTTCGCTATACTTTTCAGTGAAATGTGTTAATAAATCTATTCAAGTATCTATTCACGAATCTA,0.0,0.0
89,groSL,4370616,fwd,AAATTGCGATGAAATGTGAGGTGAATCAGGGTTTTCACCCGATTTTGTGCTGATCAGAATTTTTTTTCTTTTTCCCCCTTGAAGGGGCGAAGCCTCATCCCCATTTCTCTGGTCACCAGCCGGGAAACCACGTAAGCTCCGGCGTCACCCATAACAGATA,0.0,0.0
90,pyrLBI,4472553,rev,AATCACATCAAATAAAAATGCATATACCTTGACTTTTAATTCAAATAAACCGTTTGCGCTGACAAAATATTGCATCAAATGCTTGCGCCGCTTCTGACGATGAGTATAATGCCGGACAATTTGCCGGGAGGATGTATGGTTCAGTGTGTTCGACATTTTG,0.0,0.0
91,rplKAJL-rpoBC,4178354,fwd,TCGTGCGACCCCGGTAGAGCTGGACTTCAGCCAGGTTGAAAAAGCCTAACCCAGCGATCAAAAAAGCGGCGATTTAATCGTTGCACAAGGCGTGAGATTGGAATACAATTTCGCGCCTTTTGTTTTTATGGGCCTTGCCCGTAAAACGATTTTTTATATC,0.0,0.0
92,yodB,2042294,fwd,AATAACGGATTCCATACACAATACGGCCAACAGAGAAAGATACCTGTGCTCACGCCATTGCTTATATTGGCTGGTTACAATATGCACTATCAATTTTTTAAATAACAAATTATTAAAACCACATCTGTATAAGGAATTTTTAAGGTTCGTGGGATAGCTT,-14.0,-14.0
93,atpIBEFHAGDC,3922525,rev,GAACAGGGTTAGCAGAAAAGTCGCAATTGTATGCACTGGAAAAATATTTAAACATTTATTCACCTTTTGGCTACTTATTGTTTGAAATCACGGGGGCGCACCGTATAATTTGACCGCTTTTTGATGCTTGACTCTAAGCCTTAAAGAAAGTTTTATACGA,0.0,0.0
94,msyB,1114213,rev,TATTCAACGCAGTCTATTCATGGAACAGTCTACGTCGTCGTCGAATACCCCAGGTATCGAACTGATTTTTCGCCTTTCATACTTGCAAAAGCGGAGAATCAGCTATCCTTTTCCCTGAAACCTCATCAACTCAAAGGGAGAATCGTGATGACCATGTACG,0.0,0.0
95,ndk,2644913,rev,ATTTGTCATGCAATAGTCTGTTTTGTCCCTGATTGTTGCTAAAACTCATTTTATTTTAAAAAAATGTTACCTTCATCAATAGTCAACGGCCCTGTTGCTCATTATAATCCGCGCCATCTCGTACGCTGGTACAGACAACAACAGAACAATTTACAGAGGT,0.0,0.0
97,thrLABC,148,fwd,CTCTGTGTGGATTAAAAAAAGAGTGTCTGATAGCAGCTTCTGAACTGGTTACCTGCCGTGAGTAAATTAAAATTTTATTGACTTAGGTCACTAAATACTTTAACCAATATAGGCATAGCGCACAGACAGATAAAAATTACAGAGTACACAACATCCATGA,0.0,0.0
98,tig,454993,fwd,TTTGCGCTTTTTGCCCAGCATTCAGACGAAAATTGCCCGGGAATTGTGAAAAAATACGCGACAGCGCGCAATAACCGTTCTCGACTCATAAAAGTGATGCCGCTATAATGCCGCGTCCTATTTGAATGCTTTCGGGATGATTCTGGTAACAGGGAATGTG,-129.0,-129.0
99,tff-rpsB-tsf,189712,fwd,ATTTCGCCAAACGTGCCACTGAAGGTTTTCTATAATAGAAAATTCGACGTCTGATGCTGTACACAGCGCCAACAATTATTGGTGTCCACGACGTATTTGTGGTATAAAGCGCGCCGGACTTCCGATCCATTTCGTATACACAGACTGGACGGAAGCGACA,0.0,0.0
100,maoP,3948058,fwd,AGTTTTTAACAATTCCGTATCCACAGTGCTCTCCGCAAAATTATTTGTCGTTATGATTTAAATGTTTTGTTTTACACTCTGTCAAGCGTAACTAATACTCCGCGCCATAACTAGCTCGGTCAAAGAATTAGGAGCGTGCAGGATGGCGGAAAGCTTTACG,-28.0,-28.0
0,poxB,911076.0,rev,TCTCGCATAATCGCCTTATGCCCGATGATATTCCTTTCATCGGGCTATTTAACCGTTAGTGCCTCCTTTCTCTCCCATCCCTTCCCCCTCCGTCAGATGAACTAAACTTGTTACCGTTATCACATTCAGGAGATGGAGAACCATGAAACAAACGGTTGCA,0.0,0.0
1,rspA,1655186.0,rev,GACAAAAGGTATTCTATTTCATCTTTTGTCAACCATTCACAGCGCAAATATACGCCTTTTTTTGTGATCACTCCGGCTTTTTTCGATCTTTATACTTGTATGGTAGTAGCTCAGTTGCGTAGATTTCATGCATCACGACAAGCGATGCAAGGAATCGAAC,45.0,-45.0
2,mscM,4390638.0,rev,GCTCGGCTGTATCACTTCCCGCACGGCGGTGATGTGATTGACTCCCCAGGAGTGCGTGAGTTCGGCCTCTGGCACCTGGAGCCGGAACAAATCACTCAGGGCTTTGTCGAATTCCATGACTATTTAGGTCTGTGTAAATATCGCGATTGCAAACACGATA,0.0,0.0
3,arcA,4640508.0,rev,AAACTGTTAACGTGCTACAATTGAACTTGATATATGTCAACGAAGCGTAGTTTTATTGGGTGTCCGGCCCCTCTTAGCCTGTTATGTTGCTGTTAAAATGGTTAGGATGACAGCCGTTTTTGACACTGTCGGGTCCTGAGGGAAAGTACCCACGACCAAG,0.0,0.0
4,tar,1972716.0,rev,CCCGATTTCCTCAATTGAAATGAACCCGATGATCTGCGCATCGGGTTTTTTATTTCAATTTCGCGGCGGGTGGCATCAGCAATAAAGTTTCCCCCCTCCTTGCCGATAACGAGATCAACTTGTTTTCAGGAAGGTGCCTTATGATTAACCGTATCCGCGT,0.0,0.0
5,dpiBA,652172.0,fwd,TATTTAATGATTTTAAGTTTTTTAATTAATGTAATTACGAAATGACTCGCAGGTTTAAGTGATTTAATTGATTTAATGAATAAAATTTGCCACGATCATAATTAATATCTATGTATTTTGATTCAACATTTTAATTACATCCGTCAAAGAGGCTCGGGAC,0.0,0.0
6,araAB,70075.0,rev,GTCCACATTGATTATTTGCACGGCGTCACACTTTGCTATGCCATAGCATTTTTATCCATAAGATTAGCGGATCCTACCTGACGCTTTTTATCGCAACTCTCTACTGTTTCTCCATACCCGTTTTTTTGGATGGAGTGAAACGATGGCGATTGCAATTGGC,0.0,0.0
7,araC,70241.0,fwd,ATCTTATGGATAAAAATGCTATGGCATAGCAAAGTGTGACGCCGTGCAAATAATCAATGTGGACTTTTCTGCCGTGATTATAGACACTTTTGTTACGCGTTTTTGTCATGGCTTTGGTCCCGCTTTGTTACAGAATGCTTTTAATAAGCGGGGTTACCGG,0.0,0.0
8,xylF,3731069.0,fwd,AATTGCGCAACAAAAGTAAGATCTCGGTCATAAATCAAGAAATAAACCAAAAATCGTAATCGAAAGATAAAAATCTGTAATTGTTTTCCCCTGTTTAGTTGCTAAAAATTGGTTACGTTTATCGCGGTGATTGTTACTTATTAAAACTGTCCTCTAACTA,0.0,0.0
9,xylA,3730807.0,rev,CCCAGTTTCATCATTCCATTTTATTTTGCGAGCGAGCGCACACTTGTGAATTATCTCAATAGCAGTGTGAAATAACATAATTGAGCAACTGAAAGGGAGTGCCCAATATTACGACATCATCCATCACCCGCGGCATTACCTGATTATGGAGTTCAATATG,0.0,0.0
10,dicA,1647934.0,fwd,CGAAATACAAAAGAGCGTCAGTTTTAAGCATTTAAAACACCTTTATTGTTAGTCATAACTAACAAGATAGATGTTAACAAAAACATAGTCAATACGATTTAGCATTAGCTAACTATGGAAACAAAAAATTTAACTATCGGCGAACGCATCAGGTATCGTC,0.0,0.0
11,dicC,1647876.0,rev,TGAGGTTTTTCCGACGATACCTGATGCGTTCGCCGATAGTTAAATTTTTTGTTTCCATAGTTAGCTAATGCTAAATCGTATTGACTATGTTTTTGTTAACATCTATCTTGTTAGTTATGACTAACAATAAAGGTGTTTTAAATGCTTAAAACTGACGCTC,0.0,0.0
12,dicB,1649597.0,fwd,GAACAGTTAAAACCAAAAACAGTGTTATGGGTGGATTCTCTGTATCCGGCGTTAATTGTTAACTGGTTAACGTCACCTGGAGGCACCAGGCACTGCATCACAAAATTCATTGTTGAGGACGCGATAATGAAAACGTTATTACCAAACGTTAATACGTCTG,0.0,0.0
13,ompR,3536707.0,rev,GGCGTTTTCATCTCGTTGATTCCCTTTGTCTGTTTGATAATGCGCACATTGGGTATAACGTGATCATATCAACAGAATCAATAATGTTTCGCCGAATAAATTGTATACTTAAGCTGCTGTTTAATATGCTTTGTAACAATTTAGGCTGAAATTCATACCA,0.0,0.0
14,xapAB,2524910.0,rev,AGTTTTTACCGTGGATTAATAGAGAAAAGATATAAATCCATCGATATCGAATCGCTATTGAATGCGTGAGAAAAGTGTATTGGTAAGAGCCGGGACAACCTCGCTATAAAAAGGCGTTAGATTCCACCCTACAGAAAAAGGATATGTATGTCTCAGGTTC,0.0,0.0
15,ilvC,3957912.0,fwd,GTTTTCAGATCGCGTAAATCCACAGGGACAGCCCTCGATGTTGACGTTGCAAAAATTGCAATGTGACGTTGTGAATATATCAATTTCCGCAATAAATTTCCTGTCATATAGTGAATTCAATCTCGCAAACGCGAACCGAACAATAAGAAGCACAACATCA,0.0,0.0
16,asnA,3927129.0,fwd,ATGCGGATTGATGATTCATTCTATTTTAGCCTTCTTTTTTAATGAATCAAAAGTGAGTTAGGCTTTTTATTGAATGATTATTGCATGTGTGTCGGTTTTTGTTGCTTAATCATAAGCAACAGGACGCAGGAGTATAAAAAATGAAAACCGCTTACATTGC,0.0,0.0
17,idnK,4494597.0,fwd,CGTCAGAAAATTGTTACATTACTATGTTACGCATAACGTGATGTGCCTTGTAATTCTTATCAGTAGAAATAAAAAAACGTGAAATTATTATGCCGCCAGGCGTAGTATCGCAGCAGGTAAGATGATTCAGGAGATTTTAAATGGCGGGTGAAAGCTTTAT,0.0,0.0
18,dinJ,246533.0,rev,TAATAAACCATTATTATAAAATTAACATATATATTTCAGTTAATTATGTAAAAACATCCGTTTATTAAATTACTCATGGATTGTCGCTGTTGCTCATTTGAGCTACAATTCAAGCTGAATAAATATACAGCACAGGAGATACCCCAATGGCTGCTAACGC,0.0,0.0
20,yjiY,4591367.0,rev,TCACTTAAACGACGCCTTTGCCGCTCAACCGCAAAACTGACCGCTTACATCCCTAAAATAACCACTCAGTTATTTACCTTACTTTACGCGCGCGTAACTCTGGCAACATCACTACAGGATAGCGGTCAATTTACCTCCTCAAACGCAACGCAAACCTAGA,0.0,0.0
21,motAB-cheAW,1977302.0,rev,ATTTTATTACCCACGCTCACCAGCCTGTTGGCAGCTTTGCCTGCAGCTTATGTCAACCGCCATCCCGGGCAGTAAAAAGACGTAAACTTTCCCAGAATCCTGCCGATATTATCCCACAACTGCTGGATGAACAGAGAGTACAGGCTGTTTAACTGATACG,0.0,0.0
22,ftsK,933138.0,fwd,ACACGGACATACGTTGTTATGGAAGAAGTCAAGCAGAGTAATCGTCTGGTTATTAAGACGCGCTAACACGGAACAGGTGCAAAATCGGCGTATTTTGATTACACTCCTGTTAATCCATACAGCAACAGTACTGGGGTAACCTGGTACTGTTGTCCGTTTT,0.0,0.0
23,cra,87969.0,fwd,TCTCAATGCGCAATTTACAGCCCAACATGTCACGTTGGGCTTTTTTTGCGAAATCAGTGGGAACCTGGAATAAAAGCAGTTGCCGCAGTTAATTTTCTGCGCTTAGATGTTAATGAATTTAACCCATACCAGTACAATGGCTATGGTTTTTACATTTTAC,22.0,22.0
24,uvrD,3997907.0,fwd,CTTGTTGGATCAGACCGGAAAATGGCGATCTGATGCAAACCTGGGACAGCCGTTTACTGCCGCATCTGGAAATTTCCCGGTTGGCATCTCTGACCTCGCTGATATAATCAGCAAATCTGTATATATACCCAGCTTTTTGGCGGAGGGCGTTGCGCTTCTC,0.0,0.0
25,adiY,4338042.0,rev,AACAAAAATGTCATACTTTTTGCGCGGCCCCACCCCGCGCTTTTTTTTGCCTGTTATTTATCCTGTAAAAAAATATGTACATGAGAAATTACTATAAAAATTTGTACTATTAGTAAAACTCGTTATTTTTATGCATGTTTATATTCATCATACAATTATA,0.0,0.0
26,znuCB,1942634.0,fwd,GTGTTGCACCTCCCCAGAGAGCGGCGGATAATGCTGCGAAAAGAAGCGTTTTTTTATGTAACATAATGCGACCAATAATCGTAATGAATATGAGAAGTGTGATATTATAACATTTCATGACTACTGCAAGACTAAAATTAACATGACAAGTCTGGTTTCC,0.0,0.0
27,znuA,1942661.0,rev,TTGGCCCAAGTAAAGTCAAAATTTTTCCAGGTTTAAGTTCCAGCGACACATCAGAGAGGACGCGGCGTTGGCCAAAAGAAACCGAGACATTTTCCAGGGAAACCAGACTTGTCATGTTAATTTTAGTCTTGCAGTAGTCATGAAATGTTATAATATCACA,0.0,0.0
28,zupT,3182433.0,fwd,TGCCAGCTGCGGGTATACAAATTATCTTCCAGCACGTTCATCGGACTACCGTGACCTAAAAACAATGCTGGCATACGTGTTGAAGACATGATGATATCCTTAACTAAAGGTGTCATTTTGATATCCTCACAATACGCTTGTTCGGCGGAGTAAGAACCCG,0.0,0.0
29,pitA,3637612.0,fwd,TGCCTGAATTATATAAGATAATTATTTTTTGAGTGAAATCCATACAGGGGGCAAATCAAAAAAAGTCTATATTTCACTTTGCCCGCGCCGCGAAAGTCACTGATAATGCGCCGCGTTCATGTCCTCAAAATGGCGTAACGTCCTATGCTACATTTGTTTG,0.0,0.0
30,ecnB,4376509.0,fwd,GAAGACATCAAACATCTCGGCAACTCCATCTCTCGCGCTGCCAGCTAATTTTTCTTCTCTTCCGAAAAATCATCAGATTCCCATCATTTTTGGCGATGTTGTCTATTATTAATTTGCTATAGGCAAACATAAATAACATTACCTAAAAGGAAGACGTTAT,0.0,0.0
31,leuABCD,83735.0,rev,ACTTTAACCACCGCAGCACAATTAGCTAATTTTACGGATGCAGAACTCACGCTGGCGGGACGTTTTTATTGCGTCAGGGTTGACATCCGTTTTTGTATCCAGTAACTCTAAAAGCATATCGCATTCATCTGGAGCTGATTTAATGACTCACATCGTTCGC,0.0,0.0
